category_cc,join_date,channel,name_cc,subscribers_cc,videos_cc,subscriber_rank_sb,weights,mean_activity,Channel_country
News & Politics,2007-03-03,UCGbEXjkmPTCQfJ4FiD3lOQg,WWLP-22News,27100,78500,436168.0,9.023,96.74011299435028,Country not available
News & Politics,2016-03-18,UCT350j4u6alUKyF9eu2bGug,ABC10,17215,8239,609770.0,9.1285,140.928,US
News & Politics,2008-03-31,UCYI_ychRnL7sJrG6PUSBpQA,CBN News,187000,20202,79164.0,3.661,109.21019108280255,US
News & Politics,2014-10-07,UCCK3OZi788Ok44K97WAhLKQ,Ada Derana,496000,38626,30026.0,3.0545,418.0379746835443,LK
News & Politics,2008-08-15,UCDFLiE2iGUvlZMmhemzy6eA,NBC4 WCMH-TV Columbu...,43400,22181,254204.0,4.775,161.75977653631284,US
News & Politics,2017-03-31,UCz2yxQJZgiB_5elTzqV7FiQ,BOL News,441922,5029,26548.0,3.0005,78.13953488372093,PK
News & Politics,2016-01-21,UCg0BZXZm905Jr8g3S05XPIw,Beauty Pageants,619000,5135,26165.0,3.023,70.875,IN
News & Politics,2007-04-26,UCYWIEbibRcZav6xMLo9qWWw,The Ring of Fire,415000,10718,39705.0,3.2695,87.09615384615384,US
News & Politics,2014-07-30,UCH7nv1A9xIrAifZJNvt7cgA,ABP Majha,3926962,101346,1911.0,2.0869999999999997,551.1089743589744,IN
News & Politics,2006-07-19,UCeY0bbntWzzVIaj2z3QigXg,NBC News,1470000,19165,7967.0,2.5755,212.94838709677418,Country not available
News & Politics,2010-05-24,UCI3RT5PGmdi1KVp9FG_CneA,eNCA,417999,43465,38675.0,3.255,333.05128205128204,ZA
News & Politics,2013-05-31,UC3yDoaqQzOd1bNP74ZrGPTA,Kantipur TV HD,1270000,27145,10254.0,2.6489999999999996,328.8322580645161,US
News & Politics,2017-01-30,UCDsqO64pLl5NF6hKMBGXgQA,Cinema Politics,666000,10540,23530.0,2.97,172.11851851851853,IN
News & Politics,2014-03-10,UCWk-7Yosyvzln9ZzJg8BvVg,Rajasthan Patrika,918000,76521,13300.0,2.786,222.95541401273886,IN
News & Politics,2015-09-12,UCS6edfxHQU-dK1k7eUVawmw,TV9 NOW,396000,6357,38573.0,3.2515,126.90178571428571,IN
News & Politics,2017-11-02,UCUReanjEVG0atLd7xyXbdFg,THE TV NRI,100907,7423,110617.0,5.0245,168.8181818181818,CA
News & Politics,2009-05-22,UCfEflJTjF2hq0IbfkSWGRkg,Castanet News,14061,11694,712634.0,11.9455,90.13812154696133,CA
News & Politics,2011-10-28,UCJi8M0hRKjz8SLPvJKEVTOg,ETV Andhra Pradesh,1760000,223775,6089.0,2.4605,639.3012820512821,Country not available
News & Politics,2017-02-17,UCMYlXK0jyerVnc3dmz-vjCA,10News WTSP,16701,12623,520837.0,9.63,93.88617886178862,US
News & Politics,2015-12-11,UC6ickpgDIsltU_-8CbZaksQ,ETV Telangana,540782,118785,27705.0,2.9775,121.40384615384616,Country not available
News & Politics,2014-05-21,UCvM_k1scQ1YU50HiQc-4xyg,KRIS 6 News,16254,13013,611859.0,9.4575,155.39247311827958,Country not available
News & Politics,2015-05-23,UCYPvAwZP8pZhSMW8qs7cVCw,India Today,2250000,74453,4479.0,2.363,653.4038461538462,IN
News & Politics,2015-06-14,UCsPEbQedjaU0f6Hf-VFdIFg,Covai Post,41000,4544,296929.0,7.2685,59.9746835443038,IN
News & Politics,2016-08-26,UCwQjXDfumjqAXnkqi2AtsNQ,ARY Tube,291000,4310,61248.0,3.7739999999999996,238.6,PK
News & Politics,2006-04-08,UC16niRr50-MSBwiO3YDb3RA,BBC News,5190000,10459,1531.0,2.0869999999999997,74.49677419354839,GB
News & Politics,2017-09-10,UCWOBMsWmB-petHJs8BarYGg,7H News,282780,3629,59986.0,3.5575,75.82,IN
News & Politics,2015-06-09,UCBjofXtZArg9QSuzOWwbflw,CBS47 KSEE24,15439,9712,648945.0,9.982,251.13953488372093,Country not available
News & Politics,2013-12-07,UCYUbNjkuE4lsr2v1Id2O1oA,ABC7 News Bay Area,32000,5721,324693.0,7.7185,88.07142857142857,US
News & Politics,2009-06-15,UCV5KgNhOM87RJB7Fbv8C2CQ,6 On Your Side,10216,19917,922220.0,17.9025,85.75842696629213,US
News & Politics,2014-11-27,UCgp4A6I8LCWrhUzn-5SbKvA,TVC News Nigeria,188000,17736,84453.0,4.3385,229.8227848101266,NG
News & Politics,2007-10-25,UCYYSLCzDmmED5hnYcFmKimA,Ottawa Citizen,27400,10112,444796.0,7.328500000000001,69.33516483516483,CA
News & Politics,2008-10-02,UCAAmkc2sRESFoEtiKRTaTRA,News 5 Cleveland,138000,53493,115127.0,4.761,201.34591194968553,Country not available
News & Politics,2017-01-09,UCkAk41f9hqdb3uDvpwfVdRg,THR News,19867,4061,536150.0,9.076,65.5,Country not available
News & Politics,2011-05-19,UCAR3h_9fLV82N2FH4cE4RKw,TV5 News,1680000,147091,7311.0,2.5395000000000003,179.94193548387096,IN
News & Politics,2014-08-21,UCe59qUJndCWEr8XWpDWm6Jg,Prag News,621000,7113,26156.0,3.0175,146.82075471698113,IN
News & Politics,2012-06-01,UCRWFSbif-RFENbBrSiez1DA,ABP NEWS,16274836,129027,207.0,2.0869999999999997,595.4580645161291,IN
News & Politics,2015-10-23,UCjFKMoAk3qhRkW4eOqNm6dw,Zee Hindustan,1463760,36442,9640.0,2.59,364.31410256410254,IN
News & Politics,2006-09-18,UC52X5wxOL_s5yw0dQk7NtgA,Associated Press,1040000,129072,14780.0,2.7865,396.96774193548384,US
News & Politics,2007-07-04,UCVxBA3Cbu3pm8w8gEIoMEog,ABC7,52939,5392,198644.0,5.6555,63.99441340782123,Country not available
News & Politics,2007-04-25,UCpWvshQVx1d7BqCsPnVuNIw,The Star Online,543572,39333,27837.0,2.9675,258.1923076923077,MY
News & Politics,2016-04-26,UCHnwah__SNoZERotFo3wbjg,7Newspk,128646,5243,122418.0,4.2485,62.736196319018404,PK
News & Politics,2010-06-01,UCOv97eP4avQylb63qYy2vog,nmtvindia,184749,22133,89822.0,3.8465,194.8427672955975,IN
News & Politics,2006-11-16,UC1JAwKeDUjN2orv5t7LWODQ,KARE 11,22700,15792,419739.0,5.415,194.3409090909091,US
News & Politics,2010-02-11,UCADaBeM0qiKEZIw9_OuYmuA,WMAR-2 News,42900,43185,304697.0,8.7995,131.4689265536723,US
News & Politics,2017-10-14,UCRMoZ74ttDwbGJiFL_wZgvA,Viral Press,327000,3281,52507.0,3.4930000000000003,72.3069306930693,TH
News & Politics,2009-02-16,UCSkB4nUB0vtXcLdcnUVAN5Q,Balitang America TFC...,61800,16575,220475.0,5.1245,67.05813953488372,US
News & Politics,2017-05-03,UCIALMKvObZNtJ6AmdCLP7Lg,Bloomberg Markets an...,398000,15480,34997.0,3.2190000000000003,268.9274193548387,US
News & Politics,2015-04-02,UCFA3Ldt_TKmn9-JJXRwT-ow,5AAB TV,383571,5916,46256.0,3.3080000000000003,63.0,Channel not found
News & Politics,2009-09-10,UCoDyBtyP-3WC6z56EMMnj6A,KRGV,11100,23358,847556.0,14.701000000000002,225.31578947368422,US
News & Politics,2009-08-08,UCj5RwDivLksanrNvkW0FB4w,GMA Public Affairs,6920000,20513,677.0,2.0869999999999997,238.46794871794873,PH
News & Politics,2009-11-17,UClMs26ViHFMy7MS897Alcxw,FOX 2 St. Louis,26700,14512,410578.0,8.222000000000001,143.3276836158192,US
News & Politics,2010-06-16,UC9IQhNgS43lmUdU-KdGyb0A,News18 Urdu,455000,21562,26217.0,3.0095,202.91772151898735,IN
News & Politics,2007-05-03,UCpmb83_U37eDBlgEezsxK7w,WBAL-TV 11 Baltimore...,39800,35674,323796.0,7.5905,152.41573033707866,US
News & Politics,2013-02-19,UC0xLyicoeOd6KsNbl1Qst1g,Channel 5 Belize,23900,20825,451200.0,7.409499999999999,58.71508379888268,BZ
News & Politics,2013-10-30,UC_cZYFovNQTsKw1ZLmO_AMA,First India News Raj...,1070000,32607,13204.0,2.7615,111.66455696202532,IN
News & Politics,2006-08-07,UCBi2mrWuNuyYy4gbM6fU18Q,ABC News,6640000,48869,978.0,2.0869999999999997,213.69032258064516,US
News & Politics,2009-11-18,UChd1DEecCRlxaa0-hvPACCw,MyJoyOnline TV,248049,48326,66584.0,4.0155,447.2564102564103,US
News & Politics,2012-07-19,UCQLEbraENUGWh6p1Rv664rQ,PTC News,606821,30363,26988.0,2.972,324.93548387096774,IN
News & Politics,2016-12-06,UC9E91nmqihXefdZP1J7uEdA,TOP News Just4U,1350000,41921,11420.0,2.6489999999999996,74.76760563380282,IN
News & Politics,2013-01-21,UCckHqySbfy5FcPP6MD_S-Yg,The Times of India,1193341,84395,10703.0,2.5925,284.2903225806452,IN
News & Politics,2016-12-10,UCy3ykijkNXU454MlmPno0BQ,Mahanagar24x7 News,197000,1743,73515.0,3.7075,91.71875,IN
News & Politics,2016-02-26,UCVoawkpW12kgtXgInbPCrhQ,GMA Regional TV,42100,14450,250419.0,6.9625,501.5,PH
News & Politics,2012-05-31,UC1Gz1YkPBoLzQSBKbswBHAw,WJHL,12000,32941,805462.0,11.4385,340.36559139784947,Country not available
News & Politics,2015-04-02,UCj6EKBe990fanr4MSh45Alw,The Canadian Press,25587,5842,455643.0,8.5515,57.6524064171123,CA
News & Politics,2013-09-20,UC9Rgo0CrNyd7OWliLekqqGA,ATN News,1060000,21864,13147.0,2.748,254.74117647058824,BD
News & Politics,2007-05-03,UCq6jYgbPEh-lttcUsvPCbsg,16 WAPT News Jackson...,15100,27278,682671.0,9.245,109.40555555555555,US
News & Politics,2007-05-03,UCKATGvvbOznaWNZcOBCLGng,KCCI,47900,24963,265937.0,5.9865,84.96470588235294,Country not available
News & Politics,2016-04-28,UCiiNw0Tnqoe65x0Bl7KzP3Q,Cauvery News,563605,37049,29572.0,3.0285,113.41104294478528,IN
News & Politics,2017-03-06,UCw-qpEGN-NutDLSdbJ364UQ,BB News,3160000,13528,3436.0,2.2895,104.42857142857143,IN
News & Politics,2017-02-17,UCzF4Ryn8TKn64md77gS5Q5Q,11Alive,112000,26670,117627.0,4.6225000000000005,353.1832061068702,US
News & Politics,2016-05-06,UCnsuUUZ_48m8RVHj_08CYdw,Metro TV Telugu,11300,5137,843678.0,13.3755,63.91566265060241,IN
News & Politics,2016-06-13,UCHLqIOMPk20w-6cFgkA90jw,Channel 24 Youtube,1220000,39033,9743.0,2.613,304.6163522012579,BD
News & Politics,2013-12-11,UCe1Nb-N6XgLFHfGxZjIkF8A,Red Pix 24x7,1250000,10797,11304.0,2.6415,88.39102564102564,IN
News & Politics,2008-05-12,UCYzSBNey7F3Uwf9Vkg7cK5w,CBS 4 News Rio Grand...,28900,22714,436986.0,8.971,75.4659090909091,Country not available
News & Politics,2012-06-01,UCv3rFzn-GHGtqzXiaq3sWNg,ABP ANANDA,3030000,65624,2814.0,2.219,336.33125,IN
News & Politics,2012-08-16,UCQv44qD9R5Ae6Z3iUeZm7iQ,ABC 10 News,141000,42329,111744.0,4.928,285.3269230769231,Country not available
News & Politics,2011-04-25,UCXN7rPhZK6Rp8lMhvpSri_Q,KOIN 6,45900,38149,284550.0,6.9985,234.99019607843138,US
News & Politics,2006-11-23,UCNye-wNBqNL5ZzHSJj3l8Bg,Al Jazeera English,3880000,81534,2305.0,2.1655,275.94193548387096,QA
News & Politics,2016-04-05,UC-LGacAu72ou9bsBTj0I1oQ,Newsone Breaking,283000,53496,59946.0,3.5715,651.6832298136646,US
News & Politics,2006-08-26,UCttspZesZIDEwwpVIgoZtWQ,IndiaTV,15177282,139814,199.0,2.0869999999999997,596.5641025641025,IN
News & Politics,2017-10-06,UCIi7iBw49U6YF5rLAHznnRw,ATV NEWS 24/7 HD,39500,3351,348225.0,6.8885000000000005,68.5875,IN
News & Politics,2011-07-10,UC1nJElGcVcTpeZJVyxEbzJw,Live Storms Media,87800,11128,173573.0,4.827,115.63095238095238,US
News & Politics,2006-05-21,UC5O114-PQNYkurlTg6hekZw,United Nations,446000,10014,28118.0,3.0245,59.07741935483871,US
News & Politics,2013-09-07,UC1xMoLlrv0DJ3hcBo914a2Q,NYOOOZ TV,323000,32011,54228.0,3.5305,140.51923076923077,IN
News & Politics,2007-05-10,UCyw-NpaizmAD_5qQJ4MieVg,4 News Now,27000,29876,437904.0,8.191,113.92090395480226,US
News & Politics,2014-05-22,UCMDzPE_7fcZSRJgpwIVor_A,Avenues Khabar,325000,24260,50109.0,3.423,263.35897435897436,NP
News & Politics,2006-06-30,UCHd62-u_v4DvJ8TCFtpi4GA,Washington Post,767000,13619,18005.0,2.9025,125.44516129032257,US
News & Politics,2006-08-27,UCjXB7nX8bL2U2sje8d212Yw,Roland S. Martin,370000,7899,43353.0,3.3905,94.3974358974359,US
News & Politics,2012-10-09,UC9k-yiEpRHMNVOnOi_aQK8w,Inside Edition,6600000,18113,976.0,2.0869999999999997,169.63870967741934,US
News & Politics,2007-04-04,UCQfwfsi5VrQ8yKZ-UWmAEFg,FRANCE 24 English,964000,49906,15459.0,2.8280000000000003,310.10967741935485,US
News & Politics,2006-06-12,UCoMdktPbSTixAyNGwb-UYkQ,Sky News,1366003,11271,8437.0,2.5435,58.9741935483871,GB
News & Politics,2014-11-28,UCSaf-7p3J_N-02p7jHzm5tA,The Quint,1584597,23562,8496.0,2.557,182.18709677419355,IN
News & Politics,2007-10-18,UCruQg25yVBppUWjza8AlyZA,FOX 4 News - Dallas-...,170000,15263,88413.0,4.102,65.171974522293,US
News & Politics,2007-07-03,UCNBmxc6FvKyxtCpUygcdINA,WKYC Channel 3,32217,13210,348340.0,6.894,152.08743169398906,US
News & Politics,2008-10-08,UC6HyKpYWmX4zsy6_bJZIK7A,WXYZ-TV Detroit | Ch...,269000,76981,60573.0,3.583,166.12820512820514,US
News & Politics,2011-09-30,UCJEDFSxHHOW1PpBccdSxOTA,IndianExpressOnline,416000,9612,38315.0,3.2455000000000003,90.02564102564102,IN
News & Politics,2009-09-08,UCfLYcp8eh4VAC8_BBRsHhFg,RTV6 The Indy Channe...,66700,40011,208467.0,6.2465,149.9034090909091,US
News & Politics,2013-09-25,UC673WfesrYoCgG9VsekGlEQ,LOCAL 12,52100,42120,266477.0,5.971,220.5142857142857,US
News & Politics,2014-01-27,UCODc8Pa-_WUMaVRp9dvmNmw,13News Now,28800,13341,422958.0,8.5375,152.6341463414634,US
News & Politics,2009-03-24,UCZII2-pYouhc81JtJ9zShEw,WSPA 7News,14500,17703,698367.0,8.541,196.9367816091954,Country not available
News & Politics,2009-04-29,UCaxR-D8FjZ-2otbU0_Y2grg,DawnNews,448000,28501,38840.0,3.2525000000000004,180.06410256410257,PK
News & Politics,2017-03-03,UCNJOoytm08XsueW6IoBhPiA,Nedrick News I न�...,747852,7041,21440.0,2.952,124.86178861788618,IN
News & Politics,2006-04-07,UCNFZ_RT98Ri4i-N5eL7IH5w,NBC 26,10400,27091,884263.0,12.1995,164.1611111111111,Country not available
News & Politics,2017-06-29,UCkSllUpc8cedRe85JkqLiBQ,Zee Salaam,173000,4086,88405.0,4.0955,88.8080808080808,IN
News & Politics,2007-06-20,UCO0akufu9MOzyz3nvGIXAAw,Sky News Australia,87300,7566,96107.0,3.681,84.63687150837988,AU
News & Politics,2010-05-07,UC0bCUnP5RrkJZUtd3bBz6Kw,WPTV News | West Pal...,121000,79732,131830.0,4.597,120.86875,Country not available
News & Politics,2017-03-10,UChonNrxec5og9RLAcGC91Xg,Dekho Dekho,952237,9883,15660.0,2.8240000000000003,173.1984126984127,IN
News & Politics,2009-10-05,UCpFnf2JdSNcewXWY-idYSZA,Dave Partner,116000,1822,132929.0,5.1445,110.4,NG
News & Politics,2018-12-21,UCVOW945-eZUL5ZKB4F7zhLw,HTN,72400,1820,216937.0,5.0135,123.15625,IN
News & Politics,2018-02-22,UCPTF7suymU_TvRvRPYuHdvA,AapNewsPK,389000,3775,35119.0,3.208,187.02272727272728,PK
News & Politics,2007-04-04,UCDvJcb8Adv-_bOrtnRLmiDw,WFLA News Channel 8,42000,23556,306121.0,8.726,115.96132596685082,US
News & Politics,2017-04-22,UC6aacLWUvIrDIOB4RiKHYqQ,Economic Predictions...,26500,6118,465339.0,8.224,108.08730158730158,Channel not found
News & Politics,2011-09-04,UCxPJyX0oQWmqZ5akbuN5DTg,CivilNet,98800,16413,160389.0,5.3945,66.08383233532935,US
News & Politics,2012-07-18,UCl-OodciBGZ0k8K8rBZGe4w,Public TV | ಪಬ�...,2048937,76796,5363.0,2.414,361.03205128205127,IN
News & Politics,2013-04-29,UCZOP4KKUhOuhZKagI2b9viQ,Global Punjab TV,569000,13125,28956.0,2.9760000000000004,107.71337579617834,US
News & Politics,2018-12-21,UC6XLG5YjZfK1p5oY5MJ3NMw,GTV Network HD,102000,6663,152580.0,5.115,362.95,PK
News & Politics,2011-02-07,UCJCUbMaY593_4SN1QPG7NFQ,PTV,525286,178092,28758.0,2.9810000000000003,323.1161290322581,PH
News & Politics,2017-11-23,UCLMpRrItL5VWTbVIt5xTlxA,FirstNews Kannada,907540,5423,17969.0,2.889,148.15189873417722,IN
News & Politics,2017-03-03,UCmphdqZNmqL72WJ2uyiNw5w,ABP NEWS HINDI,10800000,51298,340.0,2.0869999999999997,220.75968992248062,IN
News & Politics,2009-03-04,UCnMBV5Iw4WqKILKue1nP6Hg,Dunya News,2642994,51845,4199.0,2.354,244.58709677419355,PK
News & Politics,2013-10-30,UCnYlMfpbCIg54cEyUiE42vw,Eagle News,125000,40094,127574.0,3.99,94.85875706214689,PH
News & Politics,2014-08-24,UCumtYpCY26F6Jr3satUgMvA,NTV Telugu,2890000,150384,3714.0,2.271,171.09677419354838,IN
News & Politics,2014-10-15,UCNZOrs1QBt8cJnv9ud96qRA,hmtv News,1260000,88150,10934.0,2.6430000000000002,305.0516129032258,IN
News & Politics,2016-06-07,UCAjBd-r8JWfnRjfhg23nqLQ,News18 Assam/Northea...,796000,16050,16787.0,2.8115,249.1818181818182,IN
News & Politics,2007-10-25,UCPP3etACgdUWvizcES1dJ8Q,News18 India,5720000,44486,1256.0,2.0869999999999997,164.4774193548387,IN
News & Politics,2012-12-26,UCYGZ0qW3w_dWExE3QzMkwZA,ABP Sanjha,807097,43139,19520.0,2.8715,222.65806451612903,IN
News & Politics,2006-10-06,UCFQgi22Ht00CpaOQLtvZx2A,ITV News,283785,8762,47440.0,3.3230000000000004,72.82389937106919,GB
News & Politics,2006-11-17,UCDG0mJ_zkrODDT-4VTEV6TQ,WOOD TV8,59900,54205,231032.0,6.282,97.34482758620689,US
News & Politics,2016-12-02,UCyI4gi0BtlKiUl6KgtuVIUw,Your Morning,47700,3997,215910.0,4.926,75.38636363636364,CA
News & Politics,2014-04-17,UCKQECjul8nw1KW_JzfBTP1A,KPRC 2 Click2Houston...,42700,40313,237317.0,4.8895,748.1616161616162,US
News & Politics,2010-02-15,UChrpaYlmaVsVyEF0bTqmuHw,KJRH -TV | Tulsa | C...,70500,46080,217877.0,5.0175,120.47126436781609,US
News & Politics,2016-12-12,UCa8MaD6gQscto_Nq1i49iew,Vesti News,89770,5248,162669.0,5.449999999999998,80.8344827586207,Channel not found
News & Politics,2013-05-23,UC-SJ6nODDmufqBzPBwCvYvQ,CBS This Morning,976000,24356,13919.0,2.8095000000000003,82.68589743589743,Country not available
News & Politics,2006-04-23,UCnWi59TPymx0_qt7PX3VeNA,PIX11 News,55900,8537,242071.0,7.152,76.69942196531792,US
News & Politics,2010-04-07,UCT8RMFbTJV5ILaVykrluOQg,CCTV English,150911,19280,99829.0,3.7285,95.05732484076434,CN
News & Politics,2009-09-04,UCvixJtaXuNdMPUGdOPcY8Ag,David Pakman Show,730000,20010,21787.0,2.9455,97.65806451612903,US
News & Politics,2015-09-18,UC7qRyUvlsuXGnfGuOrLRG0g,TV9 USA,344729,5115,47662.0,3.3745,102.77678571428571,IN
News & Politics,2017-04-02,UCrxGiLZ6q4Aet0ad9DCE8og,Bharat Live,289000,5947,55734.0,3.4895,221.3148148148148,IN
News & Politics,2018-02-28,UChirEOpgFCupRAk5etXqPaA,Bloomberg TicToc,65085,2873,119840.0,4.1965,83.86486486486487,US
News & Politics,2007-02-23,UCN3me_2IdGN5C0QV5PubDlQ,PalmBeachPost,11457,8398,841816.0,13.132,77.37765957446808,US
News & Politics,2018-02-06,UCm4PlToTlCcOf-jUWSFB3iw,Behindwoods Air,1061081,2322,11049.0,2.6430000000000002,60.05882352941177,IN
News & Politics,2016-07-20,UCJ97pLhPp-CU9Tj4-dp9B6g,YOYO TV Channel,1740000,42053,7525.0,2.5195,213.12179487179486,IN
News & Politics,2016-06-01,UC6UW8OOQQBGdwmnaYLh-qdw,City 41,416000,57742,40050.0,3.321,148.67469879518072,GB
News & Politics,2006-11-27,UC-f-EC3-yv-_Ok-m5Dd5akw,KGUN9,23100,37292,486226.0,10.2575,113.375,US
News & Politics,2015-06-18,UCtjmWttibtOsdow5lYBD-7A,Mountain TV,143789,6940,112085.0,4.9830000000000005,94.05594405594405,NP
News & Politics,2007-05-03,UCwuZjWoiT30kDTz0G41Y8gQ,WMUR-TV,33300,53197,370063.0,7.963500000000002,271.10555555555555,Country not available
News & Politics,2014-05-30,UC8Dj-LDol8r7zGnhn0onF0A,Top Telugu TV,676000,11658,19764.0,2.8705,152.05769230769232,IN
News & Politics,2018-09-11,UCINTtL1KsJjI7ipZux0MLtg,Next Media Uganda,83678,14265,122490.0,4.2715,640.0833333333334,Channel not found
News & Politics,2005-10-01,UCOW3LG5_3_pZDCjEc3xHgrg,WANE 15 News,24000,53114,487034.0,10.5365,103.8314606741573,Country not available
News & Politics,2012-01-12,UCTln5ss6h6L_xNfMeujfPbg,Newsy,146000,23498,109160.0,4.718,209.48717948717947,US
News & Politics,2017-08-21,UCIa1gc6HYm6caMuANx3D3tQ,Final Cut News,865000,9251,18145.0,2.9065,187.8490566037736,IN
News & Politics,2017-03-17,UCpzsmNuUEmod64DGgBDPO-Q,TV5 Kannada,853000,21998,16333.0,2.862,202.7319587628866,IN
News & Politics,2013-04-30,UCBzu4YqGiBxBD8pq8NiBuKw,TV360NIGERIA,51500,7395,262426.0,6.5765,64.97802197802197,NG
News & Politics,2016-05-13,UCoRpKmC6a-DdEa1ohxlCgUA,ANI News Official,162000,50758,97629.0,3.4125,277.53374233128835,IN
News & Politics,2016-09-18,UCQaGmPHucuv33JQ3QkZA9HA,Daily Diary News,927000,12695,17609.0,2.8335,193.22695035460993,IN
News & Politics,2014-05-16,UCry2gCVdntv6r661sKUiKXw,WCCO - CBS Minnesota...,56100,28788,240849.0,7.1375,285.69142857142856,US
News & Politics,2017-04-13,UCT4ZAqOV3-2s5pKnBEhh4fw,Daily Excelsior,403000,12729,41386.0,3.3575000000000004,94.50806451612904,IN
News & Politics,2010-03-18,UC8dnBi4WUErqYQHZ4PfsLTg,Tv9 Kannada,3000000,39638,3113.0,2.239,369.59354838709675,IN
News & Politics,2012-02-29,UC8yH-uI81UUtEMDsowQyx1g,SABC Digital News,650000,115295,24075.0,2.9200000000000004,857.4580645161291,ZA
News & Politics,2014-03-07,UCTnqWCdSjY3LVY3f5UemZjQ,HGPTV (Channel16 Cab...,43300,13507,294375.0,4.5845,103.48863636363636,Channel not found
News & Politics,2014-05-28,UCFx1nseXKTc1Culiu3neeSQ,REPORTER LIVE,663000,20561,24637.0,2.908,168.35897435897436,IN
News & Politics,2010-10-06,UCeoyATtDjeDXGQzH2ANaYzQ,HYBIZTV HD,380030,75762,44148.0,3.3915,349.9308176100629,IN
News & Politics,2013-01-14,UCfymZbh17_3T_UhgjkQ9fRQ,10TV News Telugu,885000,112095,17519.0,2.815,191.09615384615384,IN
News & Politics,2006-09-19,UCXIJgqnII2ZOINSWNOGFThA,Fox News,3520000,60195,2716.0,2.219,546.7677419354839,US
News & Politics,2017-08-15,UC0Um3pnZ2WGBEeoA3BX2sKw,HUM News,211000,12860,62958.0,3.817,432.796875,PK
News & Politics,2011-04-23,UCrcpw88HvKJ0skdsHniCJtQ,News18 Lokmat,890000,33872,17491.0,2.825,189.89743589743588,IN
News & Politics,2015-08-04,UC1vOCYEu3DfoI4fYcfWKmWA,Kalinga TV,564000,40362,23424.0,2.9835000000000003,533.7272727272727,IN
News & Politics,2018-01-11,UCLRJEFnJa7XboYiIxiZ5HyA,DEL99 TV,36900,3416,339721.0,6.039999999999999,95.63265306122449,IN
News & Politics,2018-07-16,UCFRlIV1mX-traJb5fd7S3nw,NewsFirst Kannada,164000,1564,62489.0,3.8555,65.0,IN
News & Politics,2016-03-07,UCQI9ZdFTDu4m_R_EdC2bNjw,ntv7 news,21000,15675,520893.0,9.652999999999999,96.76023391812865,MY
News & Politics,2016-08-30,UC6ejCxeEjpMIjHRPD8o5prg,YOYO TV Kannada,1770000,11638,7112.0,2.5215,167.69078947368422,IN
News & Politics,2008-08-07,UChBQgieUidXV1CmDxSdRm3g,Kenya CitizenTV,1280000,86289,9488.0,2.5975,565.3354838709678,KE
News & Politics,2014-03-28,UC25Ntv5IrTD-B0eZ92O50Tg,Talk Shows Central,3422227,61220,2854.0,2.228,335.2435897435897,PK
News & Politics,2015-01-26,UCDqchFCm3HNLAob6OpsLWLw,KTNV Channel 13 Las ...,68100,52168,195706.0,5.279,415.76,Country not available
News & Politics,2013-11-13,UCdF5Q5QVbYstYrTfpgUl0ZA,Zee24Ghanta,917000,23970,15966.0,2.8295,223.22435897435898,IN
News & Politics,2009-01-26,UCI_GjmFeWTRmdNCAZNaTmqw,THEMAJESTIRIUM1,62900,15927,230869.0,6.259,89.49122807017544,US
News & Politics,2014-02-27,UCzfiX4f0hDjkyTVTOrvVESQ,Channel Punjab,771883,8910,20416.0,2.9130000000000003,66.63380281690141,IN
News & Politics,2014-02-18,UC0duMiBZmDlbUue0eqd0htw,KMTV 3 News Now,69700,30703,203564.0,5.747000000000001,125.93714285714286,US
News & Politics,2006-09-28,UC1dVGItBqV4w-4xQHoX1UDg,CBS 17,37400,27875,323298.0,7.588999999999999,257.6304347826087,US
News & Politics,2013-06-28,UCO6kzQ-7wcG0x8W5LpBA9RQ,NewsChannel 5,57000,45791,226837.0,6.559500000000001,193.12,Country not available
News & Politics,2011-12-15,UCPXTXMecYqnRKNdqdVOGSFg,TV9 Telugu Live,3980000,60864,2014.0,2.1045,701.5483870967741,IN
News & Politics,2009-11-30,UC6ZFN9Tx6xh-skXCuRHCDpQ,PBS NewsHour,1380000,26035,9056.0,2.543,145.11612903225807,US
News & Politics,2014-09-19,UC4jYxQXFqB5q6INV6WEQC2A,I News,327000,25165,45279.0,3.335,352.9559748427673,IN
News & Politics,2017-06-13,UC35KuZBNIj4S5Ls0yjY-UHQ,GNN,680000,24302,23812.0,2.9445,430.8482142857143,PK
News & Politics,2016-01-27,UCYlh4lH762HvHt6mmiecyWQ,Sun News,1588389,29673,8003.0,2.572,168.45806451612904,IN
News & Politics,2014-04-08,UCF4LEacx9sDvAbEJnlaJfKQ,KPIX CBS SF Bay Area...,124000,24570,118528.0,4.3435,90.27544910179641,US
News & Politics,2016-03-15,UC5RvV_LtR1dxPCVFGw6dxXA,PTV News,49800,6855,264948.0,6.2985,94.68518518518519,PK
News & Politics,2011-02-02,UCoe5u1Hr0tHkJVzgsiKoMJg,WTVC NewsChannel 9,14800,12903,695285.0,9.804,64.63297872340425,US
News & Politics,2017-09-06,UCgVZ0mrM3liHNhRYC5Mchgg,WPLG Local 10,70700,30035,158937.0,5.4635,78.15094339622641,US
News & Politics,2008-08-07,UCTq2djCHU2srPIeNY33hoCQ,Patrika News,115000,5808,141247.0,5.3385,56.900584795321635,IN
News & Politics,2017-01-21,UCAXz41pFbZsjfa0OfJsCtpw,Telugu Popular TV,359204,4182,40310.0,3.302,65.25547445255475,IN
News & Politics,2017-06-05,UCHlCp7kL8jC9HJrSVJuNJzA,Rohi,91100,51113,143486.0,4.574,191.64102564102564,GB
News & Politics,2014-02-27,UCi4fcBVyo4CAnmdgXeO-NvA,CBS Boston,63500,31634,216785.0,5.0089999999999995,344.53977272727275,US
News & Politics,2015-03-23,UCx8Z14PpntdaxCt2hakbQLQ,The Lallantop,9120000,9423,438.0,2.0869999999999997,129.30379746835442,IN
News & Politics,2016-11-23,UCMuseXfHe2dNgFM6wshlUjw,News1 India,117000,14264,112366.0,4.895,221.16666666666666,Channel not found
News & Politics,2018-06-29,UCEAZeUIeJs0IjQiqTCdVSIg,Yahoo Finance,76000,2599,191243.0,5.8885,132.54761904761904,US
News & Politics,2007-01-18,UC5Y52fCWFDJh-4wkgSH4wDQ,NOLA.com,55300,18213,242649.0,7.091499999999999,64.41618497109826,US
News & Politics,2013-09-24,UCh7RhM7phrCTlgd9sLrUfXQ,Dainik Savera,1018394,27616,14114.0,2.8095000000000003,254.3658536585366,IN
News & Politics,2007-05-03,UC72UssJ1DNQcakZXm-B2-zw,WCVB Channel 5 Bosto...,53000,38396,255667.0,5.332000000000001,134.0625,Country not available
News & Politics,2006-01-10,UC86dbj-lbDks_hZ5gRKL49Q,AFP news agency,462000,74224,36813.0,3.2060000000000004,306.61538461538464,Country not available
News & Politics,2011-09-08,UCISgnSNwqQ2i8lhCun3KtQg,Rajya Sabha TV,3480000,43178,2347.0,2.1775,381.2064516129032,IN
News & Politics,2013-05-07,UCCjsvWYJ00k9T6C20iBH2-g,abc4utah,11500,13270,609535.0,8.587,147.1141304347826,US
News & Politics,2010-07-23,UCTbhS5-KTEKzBh-eqeU5vAw,WKBN27,16000,38556,653533.0,8.8895,276.36898395721926,Country not available
News & Politics,2015-04-25,UCcddmqHBErfequ4xYj9orJQ,Catch News,12900,7699,796396.0,11.1475,60.85,IN
News & Politics,2015-11-14,UCcmpeVbSSQlZRvHfdC-CRwg,24 News HD,2880000,83283,3535.0,2.2835,432.2774193548387,US
News & Politics,2018-03-29,UCbHrOFJKseQJrzBNG7pxlHQ,LIVE GUJARAT NEWS,83900,17344,184246.0,4.5605,384.2857142857143,IN
News & Politics,2014-01-29,UCqTa3sNT6SfiQ2DQK_kuWlA,Oneindia News,218000,18801,79616.0,3.745,193.10256410256412,US
News & Politics,2008-03-14,UCVSNOxehfALut52NbkfRBaA,VOA News,539000,29353,23077.0,2.992,147.44230769230768,US
News & Politics,2014-05-22,UCrlIS7z20CnVaCrMvdkig_g,Eyewitness News ABC7...,65500,4236,182475.0,5.6395,86.73076923076923,US
News & Politics,2016-09-20,UC5mwDEzm4FzXKoHPBDnuUQQ,Abbtakk,690000,69324,23584.0,2.9575,130.16129032258064,PK
News & Politics,2011-09-09,UCJb1MeQClvGeSMeBSVLKnDQ,Prudent Media Goa,114000,28682,135777.0,5.497000000000001,192.23563218390805,IN
News & Politics,2011-05-10,UCmuTmpLY35O3csvhyA6vrkg,TeleSUR English,117000,41328,140593.0,5.369,141.78343949044586,Country not available
News & Politics,2012-09-12,UCmBLIcqOLWwrrAJ-jaCttqw,Jai Maharashtra News...,518707,47557,31504.0,3.1285000000000003,290.7935483870968,IN
News & Politics,2012-03-30,UCz9jK123qAo5ATWtuuCn8IA,DailyNation,230000,25209,58075.0,3.549,231.50641025641025,KE
News & Politics,2014-07-01,UCA2f1lPcwYpBKA4JBMBHDSQ,UTV Ghana Online,179405,6708,78726.0,3.65,74.56603773584905,GH
News & Politics,2018-06-22,UCCwwe6HvaHTCGsuryEVSTGA,RootsTV Nigeria,23000,3317,493200.0,8.597999999999999,160.8181818181818,NG
News & Politics,2008-02-04,UCt3SE-Mvs3WwP7UW-PiFdqQ,K24 TV,753000,71034,21421.0,2.9625,430.67088607594934,KE
News & Politics,2011-11-03,UCcT6w3xUyVshyR2_2vrMp1w,WUSA9,18700,13088,441975.0,7.0825,215.72727272727272,US
News & Politics,2018-06-30,UCLTZ5y21NnklrxpU5AfWd8w,Prime9 News,162000,15498,100189.0,3.768,556.2903225806451,IN
News & Politics,2011-07-06,UCczsYSRGukY9LA7Fd_govMw,Himalaya TV,490000,10185,32797.0,3.2005,89.1474358974359,NP
News & Politics,2012-05-17,UCHBDXQDmqnaqIEPdEapEFVQ,New China TV,492266,33865,30364.0,3.104,240.4967741935484,CN
News & Politics,2010-06-16,UCafYgzpyw7aIUYOLjjADu7w,News18 UP Uttarakhan...,818111,22075,15663.0,2.8280000000000003,447.2087912087912,IN
News & Politics,2018-07-13,UCRPLiNeBXlPXA-crUb59PFw,Alo TV Channel,201000,7696,73855.0,3.7769999999999997,302.96666666666664,IN
News & Politics,2008-07-30,UCKVsdeoHExltrWMuK0hOWmg,KTN News Kenya,933408,116878,16593.0,2.8125,353.8269230769231,KE
News & Politics,2014-04-23,UCLLWAXn5F415g2kNAcE_T1g,NTA News,101000,22581,151016.0,4.862,159.47337278106508,NG
News & Politics,2013-09-21,UCdQaMnY_gERhv-aaipvVS7w,shamshad TV,190000,5750,79534.0,3.737,60.664556962025316,AE
News & Politics,2016-06-23,UCk7rHVFVs1Uf_dDOPKc2l0Q,Gulistan news,236139,5726,73106.0,3.8395,77.49382716049382,IN
News & Politics,2006-11-26,UCME81PohuzT1JMCsEtvsD2w,ODN,677000,22162,24030.0,2.932,74.7741935483871,Country not available
News & Politics,2014-07-18,UCIYVU7fPs_n6gJIBso3ryeg,NBC2 News,51000,17632,250933.0,6.7120000000000015,155.54597701149424,US
News & Politics,2017-06-22,UCjpzEgbbDUg4YC6vpSrzsyg,WKMG News 6 ClickOrl...,16700,28896,442996.0,7.2094999999999985,81.4659090909091,US
News & Politics,2006-10-24,UC83jt4dlz1Gjl58fzQrrKZg,CNA,382000,7013,30039.0,3.06,72.89102564102564,SG
News & Politics,2016-09-19,UC1ocm-li9_XmPeAEzQD0PLg,Telly Khabar,855000,37861,18460.0,2.9210000000000003,80.90322580645162,Channel not found
News & Politics,2010-09-13,UCrwE8kVqtIUVUzKui2WVpuQ,Bharatiya Janata Par...,2164559,20692,5699.0,2.4495,143.99354838709678,IN
News & Politics,2009-04-14,UCxZMOY2RdtK6LQUbIYgec4A,CBS Sacramento,29300,17260,404984.0,8.264,186.5611111111111,Country not available
News & Politics,2018-06-11,UCb1ScGnYiuIlc8AT5if67hg,Rajasthan Tak,270000,2981,62081.0,3.8275,149.02564102564102,IN
News & Politics,2006-06-05,UCrmm_7RDZJeQzq2-wvmjueg,The Real News Networ...,352000,13226,48008.0,3.4305,71.99354838709678,US
News & Politics,2013-08-21,UChDKyKQ59fYz3JO2fl0Z6sg,TODAY,1440000,12576,8833.0,2.57,133.00641025641025,Country not available
News & Politics,2010-08-17,UCRGzK5yQvhJD9-ZYGP436JQ,ktnnewstv,67000,11893,197144.0,5.4855,108.76063829787235,PK
News & Politics,2015-10-26,UCdTup4kK7Ze08KYp7ReiuMw,City 42,795590,97775,15666.0,2.8295,109.23566878980891,US
News & Politics,2007-02-22,UC5yvng1eSgffmybUM-51fTw,PennLive.com,20000,15588,553722.0,9.6545,120.27118644067797,US
News & Politics,2017-06-06,UCPEwoZthpr3YZzrvlowpqgw,Kendrabindu News,518840,3029,31114.0,3.0955,68.71052631578948,NP
News & Politics,2018-02-04,UCu9wy-s3NZJZr69xGopqmaw,Free Our Mother Land...,18700,3381,601624.0,11.5715,81.55,US
News & Politics,2017-07-16,UCBQsZhoMwniLOCrBZmDkp2Q,Pakilinks News,919000,4479,15938.0,2.8289999999999997,89.8108108108108,PK
News & Politics,2014-05-30,UC3XaG-7UVi2vD8ZZEMNnnpw,UNTV Public Service ...,419000,43567,33747.0,3.2095,164.44871794871796,PH
News & Politics,2008-01-16,UCFOq-dKCPu3PcmaCMEGDzTA,WKRG,29900,18067,402080.0,8.045499999999999,184.30769230769232,Country not available
News & Politics,2009-12-25,UCxhBb3kP1gaJwpZpv-1pW5A,IANS TV,788345,28553,20350.0,2.9115,88.99354838709678,IN
News & Politics,2011-08-09,UC_2irx_BQR7RsBKmUV9fePQ,ABN Telugu,2320000,41848,4730.0,2.3745,391.2064516129032,IN
News & Politics,2007-05-03,UC3UxJWrUACd2Hk4dMAQKOyw,WYFF News 4,31800,21757,390315.0,6.990499999999999,62.47701149425287,Country not available
News & Politics,2014-09-23,UCiqE4DQsQ0zlwjOV04s2gEA,NewsGlitz - Next Gen...,1870000,6650,6415.0,2.46,81.43870967741935,IN
News & Politics,2016-12-26,UCTSvHZkOStz5Ak2J_q6YRlA,Boishakhi Tv News,502770,24136,27694.0,2.9755000000000003,181.95,BD
News & Politics,2007-10-17,UCKjU3KzdbJE1EFcHVqXC3_g,CBC News: The Nation...,522000,12813,28885.0,2.9845,98.87179487179488,CA
News & Politics,2007-05-03,UCkr9qZ5tj9dGd7JvE3a8X4Q,WLWT,74900,41027,191069.0,5.8915000000000015,130.61046511627907,US
News & Politics,2015-04-26,UCTur7oM6mLL0rM2k0znuZpQ,Express News,2230000,17953,5183.0,2.3985,214.23870967741937,PK
News & Politics,2007-03-28,UCpwvZwUam-URkxB7g4USKpg,RT,3670000,46228,2717.0,2.2195,211.12820512820514,Channel not found
News & Politics,2011-06-14,UCJekW1Vj5fCVEGdye_mBN6Q,SAMAA TV,3983641,42513,2043.0,2.1115,380.13548387096773,PK
News & Politics,2012-03-15,UCvRAX-ujvZ0eTMLGG2vki9w,INQUIRER.net,212000,11210,69147.0,3.897,79.88461538461539,Country not available
News & Politics,2006-09-19,UC8Su5vZCXWRag13H53zWVwA,TIME,690000,9886,23486.0,2.9895,115.71612903225807,US
News & Politics,2015-10-29,UCUDQdVsKssximyFwg4IxnOQ,NTV News,647000,7812,21088.0,2.925,61.9746835443038,BD
News & Politics,2012-04-18,UCuY44m-cD124oITaNkBtsLA,EMTV Online,23104,32865,487112.0,10.4995,198.01176470588234,PG
News & Politics,2013-04-14,UCMeYPU1YfXjxsUa6QXWsfjg,CGTN Africa,316000,42934,51616.0,3.4535,300.56410256410254,Country not available
News & Politics,2011-03-29,UCZ1n9eo4LEY7ZQnkEjMPEfQ,V4 News,67230,13055,210473.0,5.2665,172.20261437908496,IN
News & Politics,2010-05-07,UCzhtAFR4aiLOr8IWqA92-5w,41 Action News,54600,55018,234728.0,4.462,129.22285714285715,US
News & Politics,2007-05-03,UC0ZsHHC_frpcqneDpMiteCQ,WXII 12 News,20100,17100,543489.0,7.845,56.672222222222224,US
News & Politics,2014-06-26,UCl5YgCiwSRVOiC2Nd1P9v1A,99TV Telugu,782000,40656,19603.0,2.8585000000000003,466.96178343949043,IN
News & Politics,2007-08-06,UCJnpF9oROFPvd7wWbPUDdGA,KRQE,137000,69244,119818.0,4.1825,112.2051282051282,US
News & Politics,2008-10-23,UCytSP0M0Jdnw6qIy3Y-nTig,NewsX,384105,119691,39907.0,3.325,425.3483870967742,IN
News & Politics,2014-01-14,UCJg9wBPyKMNA5sRDnvzmkdg,FOX 10 Phoenix,610000,8532,21566.0,2.9545,75.12903225806451,US
News & Politics,2007-09-27,UCK0UUsCjtMRNtS3BPh1Yc4w,ABC Action News,301000,71665,55856.0,3.4989999999999997,491.04487179487177,Country not available
News & Politics,2015-08-20,UCaeO5vkdj5xOQHp4UmIN6dw,The Daily Wire,1680000,4653,7949.0,2.57,61.73548387096774,US
News & Politics,2010-04-20,UC2rLSYDm92QMytS9yIkT8UQ,FOX 4 Now,75700,49650,191656.0,5.8355,244.7396449704142,US
News & Politics,2013-04-24,UCAeWdyKJXGWmVAXFpgLNNTg,CBS Evening News,526000,16478,27483.0,2.9865,113.28205128205128,Country not available
News & Politics,2017-01-04,UCxlr8HztjOTxnc9hDVVOW8w,National Voice,394000,11579,44818.0,3.355,192.47619047619048,IN
News & Politics,2007-03-20,UCFgFRk_6jae5D6KUokxIPfg,WTNH News8,71100,47188,206714.0,6.178999999999999,138.08333333333334,US
News & Politics,2007-08-21,UCSFLs1nwzqSC3Tq6cXhJkLg,WTHR,29900,40295,405417.0,8.2905,72.09826589595376,US
News & Politics,2016-11-24,UCvjqPU2VieP_BtYNtnrNatQ,VK News,2720000,7974,3656.0,2.2755,125.64963503649635,IN
News & Politics,2017-03-04,UCdDDI_RspwNf_0AADlThxYQ,Daily Trending News,1705130,13080,8107.0,2.5610000000000004,190.21374045801528,IN
News & Politics,2016-10-05,UCie7RmdcnvXA1FXHRJa7WtA,KCTV5 News,12700,9408,782225.0,9.484,133.47682119205297,US
News & Politics,2009-04-18,UCfvBdJc19LgQ9MracAerOYg,TEN NEWS,199766,25768,83403.0,4.2895,108.6,IN
News & Politics,2014-08-05,UCswUFTHsWJ4dWAPGOlDLe6w,Munsif TV Live,261599,13991,66606.0,4.0195,99.52229299363057,Channel not found
News & Politics,2017-01-29,UCu3dYw4N8q383xoh3FxZREA,World Source,12800,4910,832403.0,13.3585,64.07619047619048,US
News & Politics,2013-08-26,UCBU0SoyQRFlxZdxoOiHPTYw,Storyful News,161000,7224,98976.0,3.6575,56.289308176100626,US
News & Politics,2018-08-06,UCsRKb5x9Rem0UW-pjl_7Bog,24TV,60500,12429,223397.0,6.567,475.24074074074076,US
News & Politics,2008-02-27,UC_vRepQuzI527GtEP1pGYZw,News24,233738,17056,66179.0,4.0315,78.66025641025641,ZA
News & Politics,2012-10-18,UC9VSDs4ZXo3sjOoPkmW2iRQ,TV3 NETWORK LIMITED ...,87059,17931,174461.0,5.0965,130.69662921348313,GH
News & Politics,2016-01-12,UCckltLEhFLv8Xz_lQhYfwmg,Hiru News,473000,23953,32637.0,3.172,118.0754716981132,LK
News & Politics,2011-06-29,UC-k-O6psaHBwJvjsT65CUpA,Mass Tea Party - Wak...,41400,23973,338577.0,6.207999999999998,91.05747126436782,Country not available
News & Politics,2014-03-01,UC_X03U7OQQZcdOVxtR9HcLA,Power TV Talk Shows,1871303,19324,6896.0,2.519,146.08982035928145,PK
News & Politics,2018-01-23,UC1CcQIR09HsBE8S555TpPdA,Newspoint Live,58800,1709,250685.0,6.7989999999999995,90.1875,IN
News & Politics,2008-11-28,UC0rZoXAD5lxgBHMsjrGwWWQ,Styxhexenhammer666,389000,5142,45463.0,3.321,58.92258064516129,US
News & Politics,2013-02-15,UCKwucPzHZ7zCUIf7If-Wo1g,DD News,2020000,95333,6107.0,2.4695,932.258064516129,IN
News & Politics,2016-05-26,UCrCjj30QhGe60Wtb5GzTCJA,Dharuvu Tv,277000,8561,61131.0,3.793,128.45138888888889,IN
News & Politics,2018-05-29,UCrp_UI8XtuYfpiqluWLD7Lw,CNBC Television,265000,27787,51809.0,3.4695,886.6461538461539,US
News & Politics,2006-06-27,UCgBVz3EzHYKpPS0BITvLRsg,kxan,65900,62800,218977.0,4.933,230.27325581395348,US
News & Politics,2017-10-20,UCIHJMzz_wfpggVFf-PJehlA,Mobile Journalist,457000,4890,31903.0,3.0839999999999996,118.67415730337079,IN
News & Politics,2014-01-28,UCe3SGLXfMSyYlLvnaID_hJA,APN NEWS,120000,29565,129950.0,3.999,345.02890173410407,IN
News & Politics,2007-01-15,UC3yh5vp9HPyUPzDWy46K0sA,The Oklahoman,23600,8520,486872.0,10.467,84.0,US
News & Politics,2017-02-24,UCsDb5pOn303kWylYMjlLUWA,New Waves,468000,24201,36827.0,3.2085,223.0,IN
News & Politics,2006-03-08,UCp1KrVaZDZ7BOI_QBuTWWmg,KING 5,52800,18453,234395.0,5.036499999999998,218.26111111111112,US
News & Politics,2011-07-25,UC2tXxMpewnaXGIR8TJaZGZA,FX Empire,29400,44785,403326.0,8.0705,197.9837837837838,IL
News & Politics,2011-01-03,UCew_4g9aQ7xi1iGQOgHaYtQ,kuamnews,16800,22846,611780.0,9.462,71.92391304347827,GU
News & Politics,2017-07-03,UC_YFbvKedjnVjqrZqBR4L8Q,News4JAX,19500,37006,554929.0,9.622,432.65277777777777,US
News & Politics,2007-05-03,UCojNA7ZvnmGuIvYnm44wl3Q,WLKY News Louisville...,40600,37718,298096.0,8.14,148.35195530726256,US
News & Politics,2006-09-19,UCSrZ3UV4jOidv8ppoVuvW9Q,euronews (in English...,963000,71907,15074.0,2.7870000000000004,142.38064516129032,GB
News & Politics,2008-04-22,UCldfgbzNILYZA4dmDt4Cd6A,Secular Talk,721000,13278,22209.0,2.94,62.28846153846154,Country not available
News & Politics,2015-04-05,UCh8Hm1lCTKaz5EW6ady0Dfg,Viable Tv,65700,3372,215851.0,4.89,90.65625,NG
News & Politics,2007-11-02,UCwga1dPCqBddbtq5KYRii2g,NTVUganda,343321,43383,47697.0,3.3735000000000004,120.63461538461539,UG
News & Politics,2013-10-04,UCNbIDJNNgaRrXOD7VllIMRQ,One America News Net...,415000,7938,32749.0,3.1855,86.18709677419355,US
News & Politics,2013-06-24,UCs4TGanvFtdeg4E4Muggm9g,Fort Worth Star-Tele...,27000,10268,422673.0,8.519499999999999,67.75675675675676,US
News & Politics,2011-12-01,UCaXkIU1QidjPwiAYu6GcHjg,MSNBC,1910000,23393,5600.0,2.444,253.7225806451613,Country not available
News & Politics,2012-11-06,UC5aeU5hk31cLzq_sAExLVWg,Ruptly,804726,91209,19472.0,2.8745,612.3677419354839,Channel not found
News & Politics,2016-03-21,UCDmXyuvUm8aDC4asAOgFrgQ,MassLive,28100,9825,385648.0,6.577000000000001,112.66292134831461,US
News & Politics,2015-12-31,UCV1DtcIW2eBJ8fEXBhc9a9w,Connect Gujarat TV,345000,6282,47819.0,3.3930000000000002,60.02985074626866,IN
News & Politics,2007-09-04,UCknLrEdhRCp1aegoMqRaCZg,DW News,716000,22163,17145.0,2.85,62.193548387096776,DE
News & Politics,2013-12-17,UCIz42pf8TnHm8K_exdtTA_Q,TVNXT TELUGU,415000,4973,34813.0,3.2375000000000003,58.294871794871796,IN
News & Politics,2016-07-12,UCsL03z5sLvA0t8sjwDWf_3A,GhanaWeb TV,162529,14661,93816.0,3.9835,201.5125,US
News & Politics,2012-09-11,UC0bBYj4NEC416pOu4Krjmpg,Panahon TV,15700,23466,654256.0,8.7395,130.35326086956522,Country not available
News & Politics,2017-06-23,UC8Xb-hkR53QVN4GlUHi1iZg,Bharat Samachar,538000,16991,29877.0,3.022,351.0093457943925,IN
News & Politics,2017-02-17,UCJCreS7pODbA6XYRsI5fdLg,WWLTV,15000,6678,667592.0,9.208,102.96062992125984,US
News & Politics,2017-06-29,UCQqPfE8CIUhdp5bEdC_zKXQ,BOL Media BOL,549000,4161,24198.0,2.9195,80.64655172413794,Channel not found
News & Politics,2011-05-06,UCPsSnSR7ymSE8on3wafNbqg,WSB-TV,81900,8316,174393.0,5.1275,76.95402298850574,US
News & Politics,2016-04-05,UCsHqW4f2WIjSHjyyuphhHqQ,Cambodia News Daily,63600,4283,234800.0,4.4755,71.47368421052632,US
News & Politics,2013-09-11,UCv98nH5lII-twQqyvFVRe8Q,Mango News,816000,24878,19994.0,2.8525,223.1483870967742,IN
News & Politics,2018-02-08,UCHtz3XQ9eoaQUuBnm3s0ydA,city channel,39444,10153,324368.0,7.7115,275.7647058823529,IN
News & Politics,2012-01-20,UCCgLMMp4lv7fSD2sBz1Ai6Q,OTV,2310000,71018,4276.0,2.351,61.55128205128205,IN
News & Politics,2017-03-18,UCubZ7j3sba8uguy8Yq6xi_A,S Cube - Hungama,355000,6966,48010.0,3.4330000000000003,114.96212121212122,IN
News & Politics,2014-07-25,UCuFFtHWoLl5fauMMD5Ww2jA,CBC News,1460000,14228,8396.0,2.536,113.58333333333333,CA
News & Politics,2008-10-09,UCIVk1L1-JmpdiGuZcVjImtA,ABC15 Arizona,175000,71190,94705.0,3.8875,273.4230769230769,US
News & Politics,2015-10-21,UCxHoBXkY88Tb8z1Ssj6CWsQ,SOMOY TV,3490000,35748,2114.0,2.131,377.27777777777777,US
News & Politics,2015-03-17,UC7fWeaHhqgM4Ry-RMpM2YYw,TRT World,496000,33947,28228.0,3.009,329.626582278481,TR
News & Politics,2006-03-20,UCP6HGa63sBC7-KHtkme-p-g,USA TODAY,1100000,24033,12019.0,2.688,167.8,US
News & Politics,2016-03-21,UCJkc1COQO0WiZ2CI7dRdwAQ,cleveland.com,43600,12074,275111.0,6.3245000000000005,134.85882352941175,US
News & Politics,2013-10-30,UCQC1wGbOOIoC23fRGxt4kbg,Tez,3190000,23663,3003.0,2.2285,73.44516129032257,IN
News & Politics,2007-05-03,UCaqEHP76q9TblVUO3sHFSQQ,wgaltv,11100,26619,848314.0,15.0465,107.53191489361703,Country not available
News & Politics,2005-12-21,UC1yBKRuGpC1tSM73A0ZjYjQ,The Young Turks,4470000,37847,1995.0,2.0995,161.4258064516129,US
News & Politics,2015-09-12,UC_wOU3PYfF5yNQ00nthAkfA,TV9 Today,505000,7072,28925.0,2.9815,94.96385542168674,IN
News & Politics,2007-01-15,UCLKJThNsMXfridSO3vgwNvQ,b/60,125000,17165,127567.0,3.988,81.0,US
News & Politics,2016-05-19,UC_gUM8rL-Lrg6O3adPW9K1g,WION,359000,36269,45800.0,3.301,455.3269230769231,IN
News & Politics,2008-02-04,UCCXoCcu9Rp7NPbTzIvogpZg,Fox Business,713000,44886,19974.0,2.8495,440.77564102564105,US
News & Politics,2013-01-24,UCgrNz-aDmcr2uuto8_DL2jg,CGTN,924000,73090,14784.0,2.7895,439.4935897435897,CN
News & Politics,2013-01-23,UCKgAB8lqTbqbwXC-e6_9lhQ,KGW News,22119,17172,416579.0,8.1115,286.7731092436975,US
News & Politics,2014-02-27,UCgjKoxF0smCvd0JpraXRXCw,Impact TV,240000,5392,65423.0,3.8305,56.68987341772152,IN
News & Politics,2016-02-03,UCWccuWvLF2-q53g_liVLxBg,Neo TV Network,1630000,21698,8905.0,2.543,261.8690476190476,PK
News & Politics,2017-08-21,UCZhOl-mAJwNMFSl9Nq1a8cQ,Solika News,76700,4046,189018.0,5.9304999999999986,79.39393939393939,Channel not found
News & Politics,2014-04-09,UCuzS3rPQAYqHcLWqOFuY0pw,News24,4780000,53812,1696.0,2.0869999999999997,569.9935483870968,IN
News & Politics,2006-08-02,UC_-gT7OYiRCK9Sp8SIv9WgQ,CBS Denver,34200,24818,357000.0,7.575000000000001,180.42857142857142,US
News & Politics,2015-05-15,UC5-_zkjKabYd7tsLucKsriw,DDPodhigaiTV,60400,8551,201880.0,5.622999999999999,67.10071942446044,IN
News & Politics,2010-02-11,UCczrL-2b-gYK3l4yDld4XlQ,RT America,1000000,24976,15799.0,2.8169999999999997,144.59615384615384,Channel not found
News & Politics,2007-05-03,UC41xJSNY2xCPC4-gOsRcDcg,KOAT,38800,32064,337805.0,6.428,109.35955056179775,Country not available
News & Politics,2005-10-02,UCupvZG-5ko_eiXAupbDfxWw,CNN,7500000,146299,720.0,2.0869999999999997,247.03870967741935,Country not available
News & Politics,2008-01-19,UC9CYT9gSNLevX5ey2_6CK0Q,NDTV India,3330000,18027,1608.0,2.0869999999999997,166.28846153846155,IN
News & Politics,2011-09-26,UCypNjM5hP1qcUqQZe57jNfg,KBC Channel 1,90600,24139,164202.0,5.324,207.76878612716763,KE
News & Politics,2012-06-21,UCKlgbbF9wphTKATOWiG5jPQ,Adom TV,261000,24189,61924.0,3.7960000000000003,235.7948717948718,GH
News & Politics,2006-05-08,UCZFMm1mMw0F81Z37aaEzTUA,NDTV,5459870,79096,1371.0,2.0869999999999997,384.8333333333333,IN
News & Politics,2014-05-16,UCjHWv2DU5-HLpogAAr386DQ,FOX 5 Atlanta,106000,18372,146773.0,4.0995,116.625,US
News & Politics,2008-08-08,UCQIycDaLsBpMKjOCeaKUYVg,CNBC Awaaz,931702,29061,16578.0,2.8195,275.3269230769231,IN
News & Politics,2015-01-23,UCsgC5cbz3DE2Shh34gNKiog,92 News HD,1750000,38131,6325.0,2.47,152.3987341772152,PK
News & Politics,2009-07-23,UCsBvSBqYRAbg8tIcFt_hJ1w,NEWS 1130,13800,10131,645246.0,9.169,77.49462365591398,CA
News & Politics,2014-06-08,UCPCOvHq2iCRvt4NrOp5sunQ,FACE HD TV,105000,10718,143920.0,4.3915,81.22155688622755,Country not available
News & Politics,2013-01-26,UCDCMjD1XIAsCZsYHNMGVcog,V6 News Telugu,3970000,123665,2143.0,2.133,601.516129032258,IN
News & Politics,2006-06-17,UCvJJ_dzjViJCoLf5uKUTwoA,CNBC,1010000,13870,11604.0,2.6605,124.3974358974359,Country not available
News & Politics,2009-06-13,UCqk7J74c0gWpV9p7eVglFZw,FOX 8 News Cleveland...,33200,14800,340660.0,5.898,59.949438202247194,US
News & Politics,2017-02-06,UCtlOBrA93cytbIp0YzX_0YA,Bharat Today,509000,39730,31003.0,3.064,378.37984496124034,IN
News & Politics,2016-09-01,UCrM7B7SL_g1edFOnmj-SDKg,Bloomberg Technology...,225000,4144,69759.0,3.82,58.92063492063492,Country not available
News & Politics,2011-11-01,UCIrSLwV19akYI9CT9oQm7uA,Mind The News,681000,6872,23573.0,2.955,94.25465838509317,IN
News & Politics,2008-09-25,UCf8w5m0YsRa8MHQ5bwSGmbw,asianetnews,3270000,102074,2834.0,2.2275,472.76129032258063,IN
News & Politics,2015-01-26,UCAsvFcpUQegneSh0QAUd64A,Neo Tv Network - Off...,1130000,37080,13106.0,2.75,495.8125,PK
News & Politics,2007-11-01,UCIrgpHvUm1FMtv-C1xwkJtw,azfamily powered by ...,21400,17866,459196.0,8.738999999999999,166.64705882352942,US
News & Politics,2013-12-04,UCkH1uDkyuO9sVjSqdqBygOg,CBS Los Angeles,327000,41798,52786.0,3.5,427.5527950310559,Country not available
News & Politics,2007-01-10,UC_vt34wimdCzdkrzVejwX9g,Geo News,4793825,37087,1697.0,2.0869999999999997,552.341935483871,PK
News & Politics,2007-11-24,UCI_mwTKUhicNzFrhm33MzBQ,ET NOW,233000,37090,67363.0,4.0615000000000006,154.76923076923077,IN
News & Politics,2014-08-21,UCGyZswzm4G-wEfRQHgMSAuw,News7 Tamil,2824885,115356,3469.0,2.2955,114.99354838709678,IN
News & Politics,2014-10-22,UCIRYBXDze5krPDzAEOxFGVA,Guardian News,549000,5331,30017.0,3.0435,62.9559748427673,GB
News & Politics,2015-07-08,UC1_E8NeF5QHY2dtdLRBCCLA,africanews,145000,12961,104434.0,4.4135,134.99411764705883,Country not available
News & Politics,2007-05-03,UCWTkpYvniGIUe1jeCncFzKw,KMBC 9,42700,31187,298412.0,8.1255,78.00568181818181,US
News & Politics,2009-05-31,UCQcPBLsq9rRc5TxDqSz_Dog,Your Black World,355000,10692,50777.0,3.4350000000000005,102.92258064516129,US
News & Politics,2016-02-26,UCCTrqrHKqdS915K-TpMG6pg,News world odisha,453000,21942,38538.0,3.2375000000000003,130.98709677419356,IN
News & Politics,2015-02-15,UCGy6uV7yqGWDeUWTZzT3ZEg,Rebel News,1270000,11869,12327.0,2.693,103.33974358974359,CA
News & Politics,2006-09-27,UC8p1vwvWtl6T73JiExfWs1g,CBS News,1870000,71889,5857.0,2.4595,311.03205128205127,US
News & Politics,2007-10-29,UCqYw-CTd1dU2yGI71sEyqNw,GMA News,4436635,308522,1596.0,2.0869999999999997,140.35897435897436,PH
News & Politics,2014-10-29,UC_ab7FFA2ACk2yTHgNan8lQ,RT UK,162477,11574,105024.0,4.553,117.87898089171975,Channel not found
News & Politics,2008-11-18,UCdWfm3zOoZUrf5X4TLd4CPA,Dukascopy TV (EN),28156,30149,443268.0,7.258000000000001,91.16867469879519,CH
News & Politics,2018-07-23,UCSWSOS6YXUbNMzTH-tV7Pfw,Biz Tak,460000,3760,32217.0,3.116,208.15,IN
News & Politics,2006-12-15,UCENwe4N7FQCfIWY5wEjimNA,WIVBTV,61200,36043,238308.0,5.63,88.47953216374269,Country not available
News & Politics,2014-05-01,UC_vFLohxs5PkAxlk7Y6jEtw,ABC 7 Chicago,25800,4843,379160.0,8.1195,96.69148936170212,US
News & Politics,2005-10-14,UC_B1lpgj2DH_wO8T1jJnSYA,FOX10 News - WALA,30400,30071,388489.0,7.151000000000002,93.03333333333333,US
News & Politics,2012-12-27,UCsNdeLwEZf86swPD3qJJ7Dw,News Nation,1632943,26756,7347.0,2.5415,156.30322580645162,IN
News & Politics,2009-07-14,UCsba91UGiQLFOb5DN3Z_AdQ,CNBCAfrica,77700,35603,177744.0,5.183,121.06432748538012,ZA
News & Politics,2017-08-17,UCUI2t1rGG2bzhwBOS4pZAeQ,SPN9NEWS साम�...,2158907,37072,5669.0,2.4485,522.945054945055,IN
News & Politics,2017-01-03,UCk_LLcOS5hWWgcMHH87HCNA,Taja30,374000,5971,43839.0,3.3395,91.39716312056737,IN
News & Politics,2010-05-25,UC-3jIAlnQmbbVMV6gR7K8aQ,The Majority Report ...,655000,13105,22859.0,2.9745,93.0576923076923,US
News & Politics,2017-01-04,UCwqusr8YDwM-3mEYTDeJHzw,Republic World,1420000,21340,8975.0,2.553,357.32089552238807,IN
News & Politics,2007-06-19,UCIvaYmXn910QMdemBG3v1pQ,Zee News,9280000,102648,549.0,2.0869999999999997,308.7806451612903,IN
News & Politics,2007-01-08,UCmRbHAgG2k2vDUvb3xsEunQ,CNBC-TV18,408273,58641,39390.0,3.2665,177.0,IN
News & Politics,2015-11-01,UCuxgEyMeaks7HS5gAw6Tt7w,ILTV ISRAEL DAILY,89100,7334,166512.0,5.4445,60.369942196531795,IL
News & Politics,2006-01-25,UC5DOK_H_fkhHBw_7pl0TViQ,WAVY TV 10,45500,53661,272526.0,6.067,224.8465909090909,US
News & Politics,2018-08-15,UCMQx1e1j2mVYR8s8HgtyoIg,Kohenoor News,49900,2445,253536.0,5.385000000000002,93.62222222222222,PK
News & Politics,2013-04-08,UCvHDpsWKADrDia0c99X37vg,i24NEWS English,87100,12438,169760.0,5.0655,75.01123595505618,US
News & Politics,2011-02-22,UCxMXl9L79X1Mq_4iwCOyPFg,CBSDFW,98100,23624,148539.0,4.529,192.50282485875707,US
News & Politics,2017-11-13,UCueLJ4vLHTwMpYILmdBjRlg,Decentralized TV,79500,2878,207718.0,6.399000000000001,66.58947368421053,US
News & Politics,2015-12-23,UCrkQ4OlgtOQICQ4NFTExttw,BBS TEREFAYINA,52400,17428,211288.0,5.3595,214.91525423728814,UG
News & Politics,2014-02-15,UCaFxVc4xHOea6s5CO0eBxIA,PressTV,286448,56252,62384.0,3.845,299.9935483870968,Channel not found
News & Politics,2013-03-28,UC9_XmAwE5szLHF76FjMylaw,MTVLebanonNews,164000,50639,69438.0,3.9065,192.42307692307693,LB
News & Politics,2011-01-27,UC7FlLbNo66YsCEAPuJITiNg,News18 Rajasthan,1080000,23208,13215.0,2.7605,501.15555555555557,IN
News & Politics,2010-03-01,UC4SH8rh0OjYV3zwqnIfqNbA,Paul Begley,329000,14380,55146.0,3.495,71.49677419354839,US
News & Politics,2016-11-18,UCjHWKUbljF4hp3s5PbgK9uA,Newsone Pk,542000,14654,33098.0,3.1860000000000004,215.0,PK
News & Politics,2013-06-12,UCMmpLL2ucRHAXbNHiCPyIyg,ARY News,3390000,5639,2890.0,2.2315,78.89032258064516,PK
News & Politics,2016-04-22,UCZKbDF4lOaVHE1N-BrGpa6w,News Dnn,61800,12311,226405.0,6.553999999999999,181.35862068965517,IN
